{
    "resourceType": "Questionnaire",
    "id": "1574149497-Allgemeine-Fragen-zu-Ihrer-Gesundheit.json",
    "language": "de",
    "title": "Allgemeine Fragen zu Ihrer Gesundheit",
    "status": "active",
    "date": "2018-10-10",
    "publisher": "nick.heller@informatik.med.uni-giessen.de",
    "description": "Dieser Fragebogen beinhaltet Allgemeine Fragen zu Ihrer Gesundheit. Bitte lesen Sie alle Fragen und Antwortmöglichkeiten aufmerksam durch und geben Sie anschließend wahrheitsgetreue Antworten.",
    "approvalDate": "2018-10-10",
    "lastReviewDate": "2019-11-19",
    "subjectType": ["Patient"],
    "item": [
      {
        "type": "integer",
        "linkId": "id3",
        "text": "Wie groß sind Sie? (in Zentimetern)",
        "required": true,
        "readOnly": false,
        "item": [
          {
            "type": "integer",
            "linkId": "id1",
            "text": "Wie hoch ist ihr Gewicht? (in Kilogramm)",
            "required": true,
            "readOnly": false
          }
        ]
      },
      {
        "type": "boolean",
        "linkId": "id4",
        "text": "Rauchen Sie?",
        "required": true,
        "readOnly": false,
        "item": [
          {
            "type": "integer",
            "linkId": "id5",
            "text": "Wie viele Zigaretten pro Tag?",
            "required": true,
            "readOnly": false,
            "enableWhen": [
              {
                "operator": "=",
                "question": "id4",
                "answerBoolean": true
              }
            ]
          },
          {
            "type": "integer",
            "linkId": "id6",
            "text": "Seit wie vielen Jahren?",
            "required": true,
            "readOnly": false,
            "enableWhen": [
              {
                "operator": "=",
                "question": "id4",
                "answerBoolean": true
              }
            ]
          },
          {
            "type": "boolean",
            "linkId": "id7",
            "text": "Falls nein, haben Sie früher geraucht?",
            "required": true,
            "readOnly": false,
            "enableWhen": [
              {
                "operator": "=",
                "question": "id4",
                "answerBoolean": false
              }
            ],
            "item": [
              {
                "type": "string",
                "linkId": "id8",
                "text": "Wie viele Jahre und wann haben Sie aufgehört?",
                "required": true,
                "readOnly": false,
                "enableWhen": [
                  {
                    "operator": "=",
                    "question": "id7",
                    "answerBoolean": true
                  }
                ]
              }
            ]
          }
        ]
      },
      {
        "type": "choice",
        "linkId": "id9",
        "text": "Wie viel Alkohol trinken Sie in der Regel an einem normalen Werktag (Montag bis Freitag)?",
        "required": true,
        "readOnly": false,
        "repeats": true,
        "answerOption": [
          {"valueCoding": {"display": "Bier"}},
          {"valueCoding": {"display": "Wein, Sekt"}},
          {"valueCoding": {"display": "Likör, Schnapps"}}
        ],
        "item": [
          {
            "type": "integer",
            "linkId": "id10",
            "text": "Anzahl der Flaschen (0.5 Liter)",
            "required": true,
            "readOnly": false,
            "enableWhen": [
              {"operator": "=", "question": "id9", "answerCoding": {"display": "Bier"}}
            ]
          },
          {
            "type": "integer",
            "linkId": "id11",
            "text": "Anzahl der Gläser (200ml)",
            "required": true,
            "readOnly": false,
            "enableWhen": [
              {"operator": "=", "question": "id9", "answerCoding": {"display": "Wein, Sekt"}}
            ]
          },
          {
            "type": "integer",
            "linkId": "id12",
            "text": "Anzahl der Gläser (2 cl)",
            "required": true,
            "readOnly": false,
            "enableWhen": [
              {"operator": "=", "question": "id9", "answerCoding": {"display": "Likör, Schnapps"}}
            ]
          }
        ]
      },
      {
        "type": "choice",
        "linkId": "id13",
        "text": "Wie viel Alkohol trinken Sie in der Regel an einem Wochenendtag (Samstag oder Sonntag)?",
        "required": true,
        "readOnly": false,
        "repeats": true,
        "answerOption": [
          {"valueCoding": {"display": "Bier"}},
          {"valueCoding": {"display": "Wein, Sekt"}},
          {"valueCoding": {"display": "Likör, Schnapps"}}
        ],
        "item": [
          {
            "type": "integer",
            "linkId": "id14",
            "text": "Anzahl der Flaschen (0.5 Liter)",
            "required": true,
            "readOnly": false,
            "enableWhen": [
              {"operator": "=", "question": "id13", "answerCoding": {"display": "Bier"}}
            ]
          },
          {
            "type": "integer",
            "linkId": "id15",
            "text": "Anzahl der Gläser (200 ml)",
            "required": true,
            "readOnly": false,
            "enableWhen": [
              {"operator": "=", "question": "id13", "answerCoding": {"display": "Wein, Sekt"}}
            ]
          },
          {
            "type": "integer",
            "linkId": "id16",
            "text": "Anzahl der Gläser (2 cl)",
            "required": true,
            "readOnly": false,
            "enableWhen": [
              {"operator": "=", "question": "id13", "answerCoding": {"display": "Likör, Schnapps"}}
            ]
          }
        ]
      },
      {
        "type": "choice",
        "linkId": "id17",
        "text": "Wie oft treiben Sie IM WINTER Sport?",
        "required": true,
        "readOnly": false,
        "repeats": false,
        "answerOption": [
          {"valueCoding": {"display": "regelmäßig mehr als 2 Stunden pro Woche"}},
          {"valueCoding": {"display": "regelmäßig 1 - 2 Stunden pro Woche"}},
          {"valueCoding": {"display": "weniger als 1 Stunde in der Woche"}},
          {"valueCoding": {"display": "keine sportliche Betätigung"}}
        ],
        "item": [
          {
            "type": "string",
            "linkId": "id18",
            "text": "Um welche Sportarten handelt es sich?",
            "required": true,
            "readOnly": false
          }
        ]
      },
      {
        "type": "choice",
        "linkId": "id19",
        "text": "Wie oft treiben Sie IM SOMMER Sport?",
        "required": true,
        "readOnly": false,
        "repeats": false,
        "answerOption": [
          {"valueCoding": {"display": "regelmäßig mehr als 2 Stunden pro Woche"}},
          {"valueCoding": {"display": "regelmäßig 1 - 2 Stunden pro Woche"}},
          {"valueCoding": {"display": "weniger als 1 Stunde in der Woche"}},
          {"valueCoding": {"display": "keine sportliche Betätigung"}}
        ],
        "item": [
          {
            "type": "string",
            "linkId": "id20",
            "text": "Um welche Sportarten handelt es sich?",
            "required": true,
            "readOnly": false
          }
        ]
      }
    ]
  }
  
