{
    "resourceType": "Questionnaire",
    "id": "1574149968-Von-jedem-etwas-Fragebogen.json",
    "language": "de",
    "title": "Von jedem etwas - Fragebogen",
    "status": "active",
    "date": "2018-10-10",
    "publisher": "nick.heller@informatik.med.uni-giessen.de",
    "description": "Ein Fragebogen, welcher jegliche Fragetypen und Elemente zu Demozwecken repräsentiert.",
    "approvalDate": "2018-10-10",
    "lastReviewDate": "2019-11-19",
    "subjectType": [
        "Patient"
    ],
    "item": [
        {
            "type": "choice",
            "linkId": "id1",
            "text": "Welches Geschlecht haben Sie?",
            "required": true,
            "readOnly": false,
            "repeats": false,
            "answerOption": [
                {
                    "valueCoding": {
                        "display": "weiblich"
                    }
                },
                {
                    "valueCoding": {
                        "display": "männlich"
                    }
                },
                {
                    "valueCoding": {
                        "display": "diverse"
                    }
                }
            ],
            "item": [
                {
                    "type": "display",
                    "linkId": "id1.1",
                    "text": "Bitte wählen Sie Ihr Geschlecht aus."
                },
                {
                    "type": "display",
                    "linkId": "id69",
                    "text": "rrtjrztjttfrkz"
                }
            ]
        },
        {
            "type": "choice",
            "linkId": "id2",
            "text": "Welche Interessen haben Sie?",
            "required": true,
            "readOnly": false,
            "repeats": true,
            "answerOption": [
                {
                    "valueCoding": {
                        "display": "Sport"
                    }
                },
                {
                    "valueCoding": {
                        "display": "Essen"
                    }
                },
                {
                    "valueCoding": {
                        "display": "Natur"
                    }
                }
            ]
        },
        {
            "type": "choice",
            "linkId": "id3",
            "text": "Wie ist Ihr Wohlbefinden? (0 schlect bis 10 sehr gut)",
            "required": true,
            "readOnly": false,
            "repeats": false,
            "answerOption": [
                {
                    "valueCoding": {
                        "display": "0"
                    }
                },
                {
                    "valueCoding": {
                        "display": "1"
                    }
                },
                {
                    "valueCoding": {
                        "display": "2"
                    }
                },
                {
                    "valueCoding": {
                        "display": "3"
                    }
                },
                {
                    "valueCoding": {
                        "display": "4"
                    }
                },
                {
                    "valueCoding": {
                        "display": "5"
                    }
                },
                {
                    "valueCoding": {
                        "display": "6"
                    }
                },
                {
                    "valueCoding": {
                        "display": "7"
                    }
                },
                {
                    "valueCoding": {
                        "display": "8"
                    }
                },
                {
                    "valueCoding": {
                        "display": "9"
                    }
                },
                {
                    "valueCoding": {
                        "display": "10"
                    }
                }
            ]
        },
        {
            "type": "string",
            "linkId": "id4",
            "text": "Was ist Ihre Lieblingsfarbe?",
            "required": true,
            "readOnly": false
        },
        {
            "type": "integer",
            "linkId": "id5",
            "text": "Was ist Ihre Glückszahl?",
            "required": true,
            "readOnly": false
        },
        {
            "type": "open-choice",
            "linkId": "id6",
            "text": "Geben Sie an welche Zahlen Ihnen gefallen.",
            "required": true,
            "readOnly": false,
            "repeats": true,
            "answerOption": [
                {
                    "valueCoding": {
                        "display": "0"
                    }
                },
                {
                    "valueCoding": {
                        "display": "2"
                    }
                }
            ]
        },
        {
            "type": "group",
            "linkId": "id7",
            "text": "Weitere Zahlen und Daten",
            "item": [
                {
                    "type": "date",
                    "linkId": "id7.1",
                    "text": "Welches Datum ist heute?",
                    "required": true,
                    "readOnly": false
                },
                {
                    "type": "time",
                    "linkId": "id7.2",
                    "text": "Wann sind Sie heute aufgestanden?",
                    "required": true,
                    "readOnly": false
                },
                {
                    "type": "decimal",
                    "linkId": "id7.3",
                    "text": "Was ist 5/2 (fünf durch zwei)?",
                    "required": true,
                    "readOnly": false
                },
                {
                    "type": "dateTime",
                    "linkId": "id7.4",
                    "text": "Geben Sie den 01.01.2019 um 10:00 Uhr an",
                    "required": true,
                    "readOnly": false
                }
            ]
        },
        {
            "type": "boolean",
            "linkId": "id8",
            "text": "Haben Sie ein Haustier?",
            "required": true,
            "readOnly": false,
            "item": [
                {
                    "type": "choice",
                    "linkId": "id8.1",
                    "text": "Welches Haustier haben Sie?",
                    "required": false,
                    "readOnly": false,
                    "repeats": false,
                    "answerOption": [
                        {
                            "valueCoding": {
                                "display": "Hund"
                            }
                        },
                        {
                            "valueCoding": {
                                "display": "Katze"
                            }
                        },
                        {
                            "valueCoding": {
                                "display": "Maus"
                            }
                        }
                    ],
                    "enableWhen": [
                        {
                            "operator": "=",
                            "question": "id8",
                            "answerBoolean": true
                        }
                    ]
                }
            ]
        }
    ]
}